{
	"Layers": [
		{
			"Neurals": [
				{
					"Input": [
						1,
						1,
						1
					],
					"Weight": [
						4.904180424408927,
						5.156946303969846,
						-5.403638943884087
					],
					"Delta": 0.03753035781761795,
					"Output": 0.9905989445005888
				},
				{
					"Input": [
						1,
						1,
						1
					],
					"Weight": [
						3.5751225347102324,
						-1.070501803490489,
						2.2946078866927637
					],
					"Delta": -0.0002410990737783909,
					"Output": 0.9918311814110435
				}
			]
		},
		{
			"Neurals": [
				{
					"Input": [
						1,
						0.9905989445005888,
						0.9918311814110435
					],
					"Weight": [
						0.31837004583112166,
						-0.17089741275796852,
						-0.15718976863525075
					],
					"Delta": 0.5024831831670256,
					"Output": 0.4982933904284089
				}
			]
		}
	]
}